timestamp,device_id,log_message
2025-04-20 21:04:22,DEVICE-001,Simulated log entry from device.
2025-04-20 21:04:27,DEVICE-001,Simulated log entry from device.
2025-04-20 21:04:32,DEVICE-001,Simulated log entry from device.
2025-04-20 21:04:38,DEVICE-001,Simulated log entry from device.
2025-04-20 21:04:43,DEVICE-001,Simulated log entry from device.
2025-04-20 21:04:48,DEVICE-001,Simulated log entry from device.
2025-04-20 21:04:53,DEVICE-001,Simulated log entry from device.
2025-04-20 21:04:58,DEVICE-001,Simulated log entry from device.
2025-04-20 21:05:03,DEVICE-001,Simulated log entry from device.
2025-04-20 21:05:08,DEVICE-001,Simulated log entry from device.
2025-04-20 21:05:13,DEVICE-001,Simulated log entry from device.
2025-04-20 21:05:18,DEVICE-001,Simulated log entry from device.
2025-04-20 21:05:58,DEVICE-001,Simulated log entry from device.
2025-04-20 21:06:03,DEVICE-001,Simulated log entry from device.
2025-04-20 21:06:08,DEVICE-001,Simulated log entry from device.
2025-04-20 21:06:13,DEVICE-001,Simulated log entry from device.
2025-04-20 21:06:18,DEVICE-001,Simulated log entry from device.
2025-04-20 21:06:23,DEVICE-001,Simulated log entry from device.
2025-04-20 21:06:28,DEVICE-001,Simulated log entry from device.
2025-04-20 21:06:33,DEVICE-001,Simulated log entry from device.
2025-04-20 21:06:38,DEVICE-001,Simulated log entry from device.
2025-04-20 21:06:43,DEVICE-001,Simulated log entry from device.
2025-04-20 21:06:48,DEVICE-001,Simulated log entry from device.
2025-04-20 21:06:53,DEVICE-001,Simulated log entry from device.
2025-04-20 21:13:13,DEVICE-001,Simulated log entry from device.
2025-04-20 21:13:18,DEVICE-001,Simulated log entry from device.
2025-04-20 21:13:23,DEVICE-001,Simulated log entry from device.
2025-04-20 21:13:28,DEVICE-001,Simulated log entry from device.
2025-04-20 21:13:33,DEVICE-001,Simulated log entry from device.
2025-04-20 21:13:38,DEVICE-001,Simulated log entry from device.
2025-04-20 21:13:43,DEVICE-001,Simulated log entry from device.
2025-04-20 21:13:48,DEVICE-001,Simulated log entry from device.
2025-04-20 21:13:53,DEVICE-001,Simulated log entry from device.
2025-04-20 21:13:58,DEVICE-001,Simulated log entry from device.
2025-04-20 21:14:02,DEVICE-001,Simulated log entry from device.
2025-04-20 21:14:07,DEVICE-001,Simulated log entry from device.
2025-04-20 21:14:12,DEVICE-001,Simulated log entry from device.
2025-04-20 21:14:17,DEVICE-001,Simulated log entry from device.
2025-04-20 21:14:22,DEVICE-001,Simulated log entry from device.
2025-04-20 21:14:27,DEVICE-001,Simulated log entry from device.
2025-04-20 21:14:32,DEVICE-001,Simulated log entry from device.
2025-04-20 21:14:37,DEVICE-001,Simulated log entry from device.
2025-04-20 21:14:42,DEVICE-001,Simulated log entry from device.
2025-04-20 21:14:47,DEVICE-001,Simulated log entry from device.
2025-04-20 21:14:52,DEVICE-001,Simulated log entry from device.
2025-04-20 21:14:57,DEVICE-001,Simulated log entry from device.
2025-04-20 21:16:05,DEVICE-001,Simulated log entry from device.
2025-04-20 21:16:10,DEVICE-001,Simulated log entry from device.
2025-04-20 21:16:15,DEVICE-001,Simulated log entry from device.
2025-04-20 21:16:20,DEVICE-001,Simulated log entry from device.
2025-04-20 21:16:25,DEVICE-001,Simulated log entry from device.
2025-04-20 21:16:30,DEVICE-001,Simulated log entry from device.
2025-04-20 21:16:35,DEVICE-001,Simulated log entry from device.
2025-04-20 21:16:40,DEVICE-001,Simulated log entry from device.
2025-04-20 21:16:45,DEVICE-001,Simulated log entry from device.
2025-04-20 21:16:50,DEVICE-001,Simulated log entry from device.
2025-04-20 21:16:55,DEVICE-001,Simulated log entry from device.
2025-04-20 21:17:00,DEVICE-001,Simulated log entry from device.
2025-04-20 21:25:11,DEVICE-001,Simulated log entry from device.
2025-04-20 21:25:12,DEVICE-001,Simulated log entry from device.
2025-04-20 21:25:16,DEVICE-001,Simulated log entry from device.
2025-04-20 21:25:17,DEVICE-001,Simulated log entry from device.
2025-04-20 21:25:21,DEVICE-001,Simulated log entry from device.
2025-04-20 21:25:22,DEVICE-001,Simulated log entry from device.
2025-04-20 21:25:26,DEVICE-001,Simulated log entry from device.
2025-04-20 21:25:27,DEVICE-001,Simulated log entry from device.
2025-04-20 21:25:31,DEVICE-001,Simulated log entry from device.
2025-04-20 21:25:32,DEVICE-001,Simulated log entry from device.
2025-04-20 21:25:36,DEVICE-001,Simulated log entry from device.
2025-04-20 21:25:37,DEVICE-001,Simulated log entry from device.
2025-04-20 21:25:41,DEVICE-001,Simulated log entry from device.
2025-04-20 21:25:42,DEVICE-001,Simulated log entry from device.
2025-04-20 21:25:47,DEVICE-001,Simulated log entry from device.
2025-04-20 21:25:47,DEVICE-001,Simulated log entry from device.
2025-04-20 21:25:52,DEVICE-001,Simulated log entry from device.
2025-04-20 21:25:52,DEVICE-001,Simulated log entry from device.
2025-04-20 21:25:57,DEVICE-001,Simulated log entry from device.
2025-04-20 21:25:57,DEVICE-001,Simulated log entry from device.
2025-04-20 21:26:02,DEVICE-001,Simulated log entry from device.
2025-04-20 21:26:02,DEVICE-001,Simulated log entry from device.
2025-04-20 21:26:07,DEVICE-001,Simulated log entry from device.
2025-04-20 21:26:07,DEVICE-001,Simulated log entry from device.
2025-04-20 21:29:17,DEVICE-001,Simulated log entry from device.
2025-04-20 21:29:22,DEVICE-001,Simulated log entry from device.
2025-04-20 21:29:27,DEVICE-001,Simulated log entry from device.
2025-04-20 21:29:32,DEVICE-001,Simulated log entry from device.
2025-04-20 21:29:37,DEVICE-001,Simulated log entry from device.
2025-04-20 21:29:42,DEVICE-001,Simulated log entry from device.
2025-04-20 21:29:47,DEVICE-001,Simulated log entry from device.
2025-04-20 21:29:52,DEVICE-001,Simulated log entry from device.
2025-04-20 21:29:57,DEVICE-001,Simulated log entry from device.
2025-04-20 21:30:02,DEVICE-001,Simulated log entry from device.
2025-04-20 21:30:07,DEVICE-001,Simulated log entry from device.
2025-04-20 21:30:12,DEVICE-001,Simulated log entry from device.
2025-04-20 21:32:31,DEVICE-001,Simulated log entry from device.
2025-04-20 21:32:31,DEVICE-001,Simulated log entry from device.
2025-04-20 21:32:36,DEVICE-001,Simulated log entry from device.
2025-04-20 21:32:36,DEVICE-001,Simulated log entry from device.
2025-04-20 21:32:41,DEVICE-001,Simulated log entry from device.
2025-04-20 21:32:41,DEVICE-001,Simulated log entry from device.
2025-04-20 21:32:46,DEVICE-001,Simulated log entry from device.
2025-04-20 21:32:46,DEVICE-001,Simulated log entry from device.
2025-04-20 21:32:51,DEVICE-001,Simulated log entry from device.
2025-04-20 21:32:51,DEVICE-001,Simulated log entry from device.
2025-04-20 21:32:56,DEVICE-001,Simulated log entry from device.
2025-04-20 21:32:56,DEVICE-001,Simulated log entry from device.
2025-04-20 21:33:01,DEVICE-001,Simulated log entry from device.
2025-04-20 21:33:01,DEVICE-001,Simulated log entry from device.
2025-04-20 21:33:06,DEVICE-001,Simulated log entry from device.
2025-04-20 21:33:06,DEVICE-001,Simulated log entry from device.
2025-04-20 21:33:11,DEVICE-001,Simulated log entry from device.
2025-04-20 21:33:11,DEVICE-001,Simulated log entry from device.
2025-04-20 21:33:16,DEVICE-001,Simulated log entry from device.
2025-04-20 21:33:17,DEVICE-001,Simulated log entry from device.
2025-04-20 21:33:21,DEVICE-001,Simulated log entry from device.
2025-04-20 21:33:22,DEVICE-001,Simulated log entry from device.
2025-04-20 21:33:26,DEVICE-001,Simulated log entry from device.
2025-04-20 21:33:27,DEVICE-001,Simulated log entry from device.
2025-04-20 21:34:02,DEVICE-001,Simulated log entry from device.
2025-04-20 21:34:07,DEVICE-001,Simulated log entry from device.
2025-04-20 21:34:12,DEVICE-001,Simulated log entry from device.
2025-04-20 21:34:17,DEVICE-001,Simulated log entry from device.
2025-04-20 21:34:22,DEVICE-001,Simulated log entry from device.
2025-04-20 21:34:27,DEVICE-001,Simulated log entry from device.
2025-04-20 21:34:32,DEVICE-001,Simulated log entry from device.
2025-04-20 21:34:37,DEVICE-001,Simulated log entry from device.
2025-04-20 21:34:42,DEVICE-001,Simulated log entry from device.
2025-04-20 21:34:47,DEVICE-001,Simulated log entry from device.
2025-04-20 21:34:52,DEVICE-001,Simulated log entry from device.
2025-04-20 21:34:57,DEVICE-001,Simulated log entry from device.
2025-04-20 21:53:12,DEVICE-001,Simulated log entry from device.
2025-04-20 21:53:12,DEVICE-001,Simulated log entry from device.
2025-04-20 21:53:17,DEVICE-001,Simulated log entry from device.
2025-04-20 21:53:17,DEVICE-001,Simulated log entry from device.
2025-04-20 21:53:22,DEVICE-001,Simulated log entry from device.
2025-04-20 21:53:22,DEVICE-001,Simulated log entry from device.
2025-04-20 21:53:27,DEVICE-001,Simulated log entry from device.
2025-04-20 21:53:28,DEVICE-001,Simulated log entry from device.
2025-04-20 21:53:32,DEVICE-001,Simulated log entry from device.
2025-04-20 21:53:33,DEVICE-001,Simulated log entry from device.
2025-04-20 21:53:37,DEVICE-001,Simulated log entry from device.
2025-04-20 21:53:38,DEVICE-001,Simulated log entry from device.
2025-04-20 21:53:42,DEVICE-001,Simulated log entry from device.
2025-04-20 21:53:43,DEVICE-001,Simulated log entry from device.
2025-04-20 21:53:47,DEVICE-001,Simulated log entry from device.
2025-04-20 21:53:48,DEVICE-001,Simulated log entry from device.
2025-04-20 21:53:52,DEVICE-001,Simulated log entry from device.
2025-04-20 21:53:53,DEVICE-001,Simulated log entry from device.
2025-04-20 21:53:57,DEVICE-001,Simulated log entry from device.
2025-04-20 21:53:58,DEVICE-001,Simulated log entry from device.
2025-04-20 21:54:02,DEVICE-001,Simulated log entry from device.
2025-04-20 21:54:03,DEVICE-001,Simulated log entry from device.
2025-04-20 21:54:07,DEVICE-001,Simulated log entry from device.
2025-04-20 21:54:08,DEVICE-001,Simulated log entry from device.
2025-04-23 01:15:33,DEVICE-001,Simulated log entry from device.
2025-04-23 01:15:33,DEVICE-001,Simulated log entry from device.
2025-04-23 01:15:38,DEVICE-001,Simulated log entry from device.
2025-04-23 01:15:38,DEVICE-001,Simulated log entry from device.
2025-04-23 01:15:43,DEVICE-001,Simulated log entry from device.
2025-04-23 01:15:43,DEVICE-001,Simulated log entry from device.
2025-04-23 01:15:48,DEVICE-001,Simulated log entry from device.
2025-04-23 01:15:48,DEVICE-001,Simulated log entry from device.
2025-04-23 01:15:53,DEVICE-001,Simulated log entry from device.
2025-04-23 01:15:53,DEVICE-001,Simulated log entry from device.
2025-04-23 01:15:58,DEVICE-001,Simulated log entry from device.
2025-04-23 01:15:58,DEVICE-001,Simulated log entry from device.
2025-04-23 01:16:03,DEVICE-001,Simulated log entry from device.
2025-04-23 01:16:03,DEVICE-001,Simulated log entry from device.
2025-04-23 01:16:08,DEVICE-001,Simulated log entry from device.
2025-04-23 01:16:08,DEVICE-001,Simulated log entry from device.
2025-04-23 01:16:13,DEVICE-001,Simulated log entry from device.
2025-04-23 01:16:13,DEVICE-001,Simulated log entry from device.
2025-04-23 01:16:18,DEVICE-001,Simulated log entry from device.
2025-04-23 01:16:18,DEVICE-001,Simulated log entry from device.
2025-04-23 01:16:23,DEVICE-001,Simulated log entry from device.
2025-04-23 01:16:23,DEVICE-001,Simulated log entry from device.
2025-04-23 01:16:28,DEVICE-001,Simulated log entry from device.
2025-04-23 01:16:28,DEVICE-001,Simulated log entry from device.
2025-04-23 01:57:13,DEVICE-001,Simulated log entry from device.
2025-04-23 01:57:13,DEVICE-001,Simulated log entry from device.
2025-04-23 01:57:18,DEVICE-001,Simulated log entry from device.
2025-04-23 01:57:18,DEVICE-001,Simulated log entry from device.
2025-04-23 01:57:23,DEVICE-001,Simulated log entry from device.
2025-04-23 01:57:23,DEVICE-001,Simulated log entry from device.
2025-04-23 01:57:28,DEVICE-001,Simulated log entry from device.
2025-04-23 01:57:28,DEVICE-001,Simulated log entry from device.
2025-04-23 01:57:33,DEVICE-001,Simulated log entry from device.
2025-04-23 01:57:34,DEVICE-001,Simulated log entry from device.
2025-04-23 01:57:38,DEVICE-001,Simulated log entry from device.
2025-04-23 01:57:39,DEVICE-001,Simulated log entry from device.
2025-04-23 01:57:43,DEVICE-001,Simulated log entry from device.
2025-04-23 01:57:44,DEVICE-001,Simulated log entry from device.
2025-04-23 01:57:48,DEVICE-001,Simulated log entry from device.
2025-04-23 01:57:49,DEVICE-001,Simulated log entry from device.
2025-04-23 01:57:53,DEVICE-001,Simulated log entry from device.
2025-04-23 01:57:54,DEVICE-001,Simulated log entry from device.
2025-04-23 01:57:58,DEVICE-001,Simulated log entry from device.
2025-04-23 01:57:59,DEVICE-001,Simulated log entry from device.
2025-04-23 02:02:58,DEVICE-001,Simulated log entry from device.
2025-04-23 02:02:59,DEVICE-001,Simulated log entry from device.
2025-04-23 02:03:03,DEVICE-001,Simulated log entry from device.
2025-04-23 02:03:04,DEVICE-001,Simulated log entry from device.
2025-04-23 02:03:08,DEVICE-001,Simulated log entry from device.
2025-04-23 02:03:09,DEVICE-001,Simulated log entry from device.
2025-04-23 02:03:13,DEVICE-001,Simulated log entry from device.
2025-04-23 02:03:14,DEVICE-001,Simulated log entry from device.
2025-04-23 02:03:19,DEVICE-001,Simulated log entry from device.
2025-04-23 02:03:19,DEVICE-001,Simulated log entry from device.
2025-04-23 02:03:24,DEVICE-001,Simulated log entry from device.
2025-04-23 02:03:24,DEVICE-001,Simulated log entry from device.
2025-04-23 02:03:29,DEVICE-001,Simulated log entry from device.
2025-04-23 02:03:29,DEVICE-001,Simulated log entry from device.
2025-04-23 02:03:34,DEVICE-001,Simulated log entry from device.
2025-04-23 02:03:34,DEVICE-001,Simulated log entry from device.
2025-04-23 02:03:39,DEVICE-001,Simulated log entry from device.
2025-04-23 02:03:39,DEVICE-001,Simulated log entry from device.
2025-04-23 02:03:44,DEVICE-001,Simulated log entry from device.
2025-04-23 02:03:44,DEVICE-001,Simulated log entry from device.
2025-04-23 02:03:49,DEVICE-001,Simulated log entry from device.
2025-04-23 02:03:49,DEVICE-001,Simulated log entry from device.
2025-04-23 02:03:54,DEVICE-001,Simulated log entry from device.
2025-04-23 02:03:54,DEVICE-001,Simulated log entry from device.
2025-04-23 02:08:02,DEVICE-001,Simulated log entry from device.
2025-04-23 02:08:07,DEVICE-001,Simulated log entry from device.
2025-04-23 02:08:12,DEVICE-001,Simulated log entry from device.
2025-04-23 02:08:17,DEVICE-001,Simulated log entry from device.
2025-04-23 02:08:22,DEVICE-001,Simulated log entry from device.
2025-04-23 02:08:27,DEVICE-001,Simulated log entry from device.
2025-04-23 02:08:32,DEVICE-001,Simulated log entry from device.
2025-04-23 02:08:37,DEVICE-001,Simulated log entry from device.
2025-04-23 02:08:42,DEVICE-001,Simulated log entry from device.
2025-04-23 02:08:47,DEVICE-001,Simulated log entry from device.
2025-04-23 02:08:52,DEVICE-001,Simulated log entry from device.
2025-04-23 02:08:57,DEVICE-001,Simulated log entry from device.
2025-04-23 02:15:02,DEVICE-001,Simulated log entry from device.
2025-04-23 02:15:03,DEVICE-001,Simulated log entry from device.
2025-04-23 02:15:07,DEVICE-001,Simulated log entry from device.
2025-04-23 02:15:08,DEVICE-001,Simulated log entry from device.
2025-04-23 02:15:12,DEVICE-001,Simulated log entry from device.
2025-04-23 02:15:13,DEVICE-001,Simulated log entry from device.
2025-04-23 02:15:17,DEVICE-001,Simulated log entry from device.
2025-04-23 02:15:18,DEVICE-001,Simulated log entry from device.
2025-04-23 02:15:22,DEVICE-001,Simulated log entry from device.
2025-04-23 02:15:23,DEVICE-001,Simulated log entry from device.
2025-04-23 02:15:27,DEVICE-001,Simulated log entry from device.
2025-04-23 02:15:28,DEVICE-001,Simulated log entry from device.
2025-04-23 02:15:32,DEVICE-001,Simulated log entry from device.
2025-04-23 02:15:33,DEVICE-001,Simulated log entry from device.
2025-04-23 02:15:37,DEVICE-001,Simulated log entry from device.
2025-04-23 02:15:38,DEVICE-001,Simulated log entry from device.
2025-04-23 02:15:42,DEVICE-001,Simulated log entry from device.
2025-04-23 02:15:43,DEVICE-001,Simulated log entry from device.
2025-04-23 02:15:47,DEVICE-001,Simulated log entry from device.
2025-04-23 02:15:48,DEVICE-001,Simulated log entry from device.
2025-04-23 02:15:52,DEVICE-001,Simulated log entry from device.
2025-04-23 02:15:53,DEVICE-001,Simulated log entry from device.
2025-04-23 02:15:57,DEVICE-001,Simulated log entry from device.
2025-04-23 02:15:58,DEVICE-001,Simulated log entry from device.
2025-04-23 02:16:49,DEVICE-001,Simulated log entry from device.
2025-04-23 02:16:54,DEVICE-001,Simulated log entry from device.
2025-04-23 02:16:59,DEVICE-001,Simulated log entry from device.
2025-04-23 02:17:04,DEVICE-001,Simulated log entry from device.
2025-04-23 02:17:09,DEVICE-001,Simulated log entry from device.
2025-04-23 02:17:14,DEVICE-001,Simulated log entry from device.
2025-04-23 02:17:19,DEVICE-001,Simulated log entry from device.
2025-04-23 02:17:24,DEVICE-001,Simulated log entry from device.
2025-04-23 02:17:29,DEVICE-001,Simulated log entry from device.
2025-04-23 02:17:34,DEVICE-001,Simulated log entry from device.
2025-04-23 02:17:39,DEVICE-001,Simulated log entry from device.
2025-04-23 02:17:44,DEVICE-001,Simulated log entry from device.
2025-04-23 02:21:51,DEVICE-001,Simulated log entry from device.
2025-04-23 02:21:56,DEVICE-001,Simulated log entry from device.
2025-04-23 02:22:01,DEVICE-001,Simulated log entry from device.
2025-04-23 02:22:05,DEVICE-001,Simulated log entry from device.
2025-04-23 02:22:06,DEVICE-001,Simulated log entry from device.
2025-04-23 02:22:10,DEVICE-001,Simulated log entry from device.
2025-04-23 02:22:11,DEVICE-001,Simulated log entry from device.
2025-04-23 02:22:15,DEVICE-001,Simulated log entry from device.
2025-04-23 02:22:16,DEVICE-001,Simulated log entry from device.
2025-04-23 02:22:20,DEVICE-001,Simulated log entry from device.
2025-04-23 02:22:21,DEVICE-001,Simulated log entry from device.
2025-04-23 02:22:25,DEVICE-001,Simulated log entry from device.
2025-04-23 02:22:26,DEVICE-001,Simulated log entry from device.
2025-04-23 02:22:30,DEVICE-001,Simulated log entry from device.
2025-04-23 02:22:31,DEVICE-001,Simulated log entry from device.
2025-04-23 02:22:35,DEVICE-001,Simulated log entry from device.
2025-04-23 02:22:36,DEVICE-001,Simulated log entry from device.
2025-04-23 02:22:40,DEVICE-001,Simulated log entry from device.
2025-04-23 02:22:41,DEVICE-001,Simulated log entry from device.
2025-04-23 02:22:45,DEVICE-001,Simulated log entry from device.
2025-04-23 02:22:46,DEVICE-001,Simulated log entry from device.
2025-04-23 02:22:50,DEVICE-001,Simulated log entry from device.
2025-04-23 02:22:55,DEVICE-001,Simulated log entry from device.
2025-04-23 02:23:00,DEVICE-001,Simulated log entry from device.
2025-04-23 02:24:51,DEVICE-001,Simulated log entry from device.
2025-04-23 02:24:52,DEVICE-001,Simulated log entry from device.
2025-04-23 02:24:56,DEVICE-001,Simulated log entry from device.
2025-04-23 02:24:57,DEVICE-001,Simulated log entry from device.
2025-04-23 02:25:01,DEVICE-001,Simulated log entry from device.
2025-04-23 02:25:02,DEVICE-001,Simulated log entry from device.
2025-04-23 02:25:06,DEVICE-001,Simulated log entry from device.
2025-04-23 02:25:07,DEVICE-001,Simulated log entry from device.
2025-04-23 02:25:11,DEVICE-001,Simulated log entry from device.
2025-04-23 02:25:12,DEVICE-001,Simulated log entry from device.
2025-04-23 02:25:16,DEVICE-001,Simulated log entry from device.
2025-04-23 02:25:17,DEVICE-001,Simulated log entry from device.
2025-04-23 02:25:17,DEVICE-001,Simulated log entry from device.
2025-04-23 02:25:21,DEVICE-001,Simulated log entry from device.
2025-04-23 02:25:21,DEVICE-001,Simulated log entry from device.
2025-04-23 02:25:22,DEVICE-001,Simulated log entry from device.
2025-04-23 02:25:22,DEVICE-001,Simulated log entry from device.
2025-04-23 02:25:26,DEVICE-001,Simulated log entry from device.
2025-04-23 02:25:26,DEVICE-001,Simulated log entry from device.
2025-04-23 02:25:27,DEVICE-001,Simulated log entry from device.
2025-04-23 02:25:27,DEVICE-001,Simulated log entry from device.
2025-04-23 02:25:31,DEVICE-001,Simulated log entry from device.
2025-04-23 02:25:31,DEVICE-001,Simulated log entry from device.
2025-04-23 02:25:32,DEVICE-001,Simulated log entry from device.
2025-04-23 02:25:32,DEVICE-001,Simulated log entry from device.
2025-04-23 02:25:36,DEVICE-001,Simulated log entry from device.
2025-04-23 02:25:36,DEVICE-001,Simulated log entry from device.
2025-04-23 02:25:37,DEVICE-001,Simulated log entry from device.
2025-04-23 02:25:37,DEVICE-001,Simulated log entry from device.
2025-04-23 02:25:38,DEVICE-001,Simulated log entry from device.
2025-04-23 02:25:41,DEVICE-001,Simulated log entry from device.
2025-04-23 02:25:41,DEVICE-001,Simulated log entry from device.
2025-04-23 02:25:42,DEVICE-001,Simulated log entry from device.
2025-04-23 02:25:42,DEVICE-001,Simulated log entry from device.
2025-04-23 02:25:43,DEVICE-001,Simulated log entry from device.
2025-04-23 02:25:45,DEVICE-001,Simulated log entry from device.
2025-04-23 02:25:46,DEVICE-001,Simulated log entry from device.
2025-04-23 02:25:46,DEVICE-001,Simulated log entry from device.
2025-04-23 02:25:47,DEVICE-001,Simulated log entry from device.
2025-04-23 02:25:47,DEVICE-001,Simulated log entry from device.
2025-04-23 02:25:48,DEVICE-001,Simulated log entry from device.
2025-04-23 02:25:50,DEVICE-001,Simulated log entry from device.
2025-04-23 02:25:51,DEVICE-001,Simulated log entry from device.
2025-04-23 02:25:52,DEVICE-001,Simulated log entry from device.
2025-04-23 02:25:53,DEVICE-001,Simulated log entry from device.
2025-04-23 02:25:55,DEVICE-001,Simulated log entry from device.
2025-04-23 02:25:56,DEVICE-001,Simulated log entry from device.
2025-04-23 02:25:57,DEVICE-001,Simulated log entry from device.
2025-04-23 02:25:58,DEVICE-001,Simulated log entry from device.
2025-04-23 02:26:00,DEVICE-001,Simulated log entry from device.
2025-04-23 02:26:01,DEVICE-001,Simulated log entry from device.
2025-04-23 02:26:02,DEVICE-001,Simulated log entry from device.
2025-04-23 02:26:03,DEVICE-001,Simulated log entry from device.
2025-04-23 02:26:05,DEVICE-001,Simulated log entry from device.
2025-04-23 02:26:06,DEVICE-001,Simulated log entry from device.
2025-04-23 02:26:07,DEVICE-001,Simulated log entry from device.
2025-04-23 02:26:08,DEVICE-001,Simulated log entry from device.
2025-04-23 02:26:10,DEVICE-001,Simulated log entry from device.
2025-04-23 02:26:11,DEVICE-001,Simulated log entry from device.
2025-04-23 02:26:12,DEVICE-001,Simulated log entry from device.
2025-04-23 02:26:13,DEVICE-001,Simulated log entry from device.
2025-04-23 02:26:15,DEVICE-001,Simulated log entry from device.
2025-04-23 02:26:16,DEVICE-001,Simulated log entry from device.
2025-04-23 02:26:18,DEVICE-001,Simulated log entry from device.
2025-04-23 02:26:20,DEVICE-001,Simulated log entry from device.
2025-04-23 02:26:23,DEVICE-001,Simulated log entry from device.
2025-04-23 02:26:25,DEVICE-001,Simulated log entry from device.
2025-04-23 02:26:29,DEVICE-001,Simulated log entry from device.
2025-04-23 02:26:30,DEVICE-001,Simulated log entry from device.
2025-04-23 02:26:34,DEVICE-001,Simulated log entry from device.
2025-04-23 02:26:35,DEVICE-001,Simulated log entry from device.
2025-04-23 02:26:40,DEVICE-001,Simulated log entry from device.
2025-04-23 02:49:08,DEVICE-001,Simulated log entry from device.
2025-04-23 02:49:09,DEVICE-001,Simulated log entry from device.
2025-04-23 02:49:13,DEVICE-001,Simulated log entry from device.
2025-04-23 02:49:14,DEVICE-001,Simulated log entry from device.
2025-04-23 02:49:18,DEVICE-001,Simulated log entry from device.
2025-04-23 02:49:18,DEVICE-001,Simulated log entry from device.
2025-04-23 02:49:19,DEVICE-001,Simulated log entry from device.
2025-04-23 02:49:23,DEVICE-001,Simulated log entry from device.
2025-04-23 02:49:23,DEVICE-001,Simulated log entry from device.
2025-04-23 02:49:24,DEVICE-001,Simulated log entry from device.
2025-04-23 02:49:28,DEVICE-001,Simulated log entry from device.
2025-04-23 02:49:28,DEVICE-001,Simulated log entry from device.
2025-04-23 02:49:29,DEVICE-001,Simulated log entry from device.
2025-04-23 02:49:33,DEVICE-001,Simulated log entry from device.
2025-04-23 02:49:33,DEVICE-001,Simulated log entry from device.
2025-04-23 02:49:34,DEVICE-001,Simulated log entry from device.
2025-04-23 02:49:38,DEVICE-001,Simulated log entry from device.
2025-04-23 02:49:38,DEVICE-001,Simulated log entry from device.
2025-04-23 02:49:39,DEVICE-001,Simulated log entry from device.
2025-04-23 02:49:43,DEVICE-001,Simulated log entry from device.
2025-04-23 02:49:43,DEVICE-001,Simulated log entry from device.
2025-04-23 02:49:44,DEVICE-001,Simulated log entry from device.
2025-04-23 02:49:48,DEVICE-001,Simulated log entry from device.
2025-04-23 02:49:48,DEVICE-001,Simulated log entry from device.
2025-04-23 02:49:49,DEVICE-001,Simulated log entry from device.
2025-04-23 02:49:53,DEVICE-001,Simulated log entry from device.
2025-04-23 02:49:53,DEVICE-001,Simulated log entry from device.
2025-04-23 02:49:54,DEVICE-001,Simulated log entry from device.
2025-04-23 02:49:58,DEVICE-001,Simulated log entry from device.
2025-04-23 02:49:58,DEVICE-001,Simulated log entry from device.
2025-04-23 02:49:59,DEVICE-001,Simulated log entry from device.
2025-04-23 02:50:03,DEVICE-001,Simulated log entry from device.
2025-04-23 02:50:03,DEVICE-001,Simulated log entry from device.
2025-04-23 02:50:04,DEVICE-001,Simulated log entry from device.
2025-04-23 02:50:08,DEVICE-001,Simulated log entry from device.
2025-04-23 02:50:14,DEVICE-001,Simulated log entry from device.
2025-04-23 02:51:43,DEVICE-001,Simulated log entry from device.
2025-04-23 02:51:46,DEVICE-001,Simulated log entry from device.
2025-04-23 02:51:48,DEVICE-001,Simulated log entry from device.
2025-04-23 02:51:51,DEVICE-001,Simulated log entry from device.
2025-04-23 02:51:53,DEVICE-001,Simulated log entry from device.
2025-04-23 02:51:56,DEVICE-001,Simulated log entry from device.
2025-04-23 02:51:58,DEVICE-001,Simulated log entry from device.
2025-04-23 02:52:01,DEVICE-001,Simulated log entry from device.
2025-04-23 02:52:03,DEVICE-001,Simulated log entry from device.
2025-04-23 02:52:06,DEVICE-001,Simulated log entry from device.
2025-04-23 02:52:08,DEVICE-001,Simulated log entry from device.
2025-04-23 02:52:11,DEVICE-001,Simulated log entry from device.
2025-04-23 02:52:13,DEVICE-001,Simulated log entry from device.
2025-04-23 02:52:14,DEVICE-001,Simulated log entry from device.
2025-04-23 02:52:16,DEVICE-001,Simulated log entry from device.
2025-04-23 02:52:18,DEVICE-001,Simulated log entry from device.
2025-04-23 02:52:19,DEVICE-001,Simulated log entry from device.
2025-04-23 02:52:21,DEVICE-001,Simulated log entry from device.
2025-04-23 02:52:23,DEVICE-001,Simulated log entry from device.
2025-04-23 02:52:24,DEVICE-001,Simulated log entry from device.
2025-04-23 02:52:26,DEVICE-001,Simulated log entry from device.
2025-04-23 02:52:28,DEVICE-001,Simulated log entry from device.
2025-04-23 02:52:29,DEVICE-001,Simulated log entry from device.
2025-04-23 02:52:31,DEVICE-001,Simulated log entry from device.
2025-04-23 02:52:33,DEVICE-001,Simulated log entry from device.
2025-04-23 02:52:34,DEVICE-001,Simulated log entry from device.
2025-04-23 02:52:36,DEVICE-001,Simulated log entry from device.
2025-04-23 02:52:38,DEVICE-001,Simulated log entry from device.
2025-04-23 02:52:39,DEVICE-001,Simulated log entry from device.
2025-04-23 02:52:41,DEVICE-001,Simulated log entry from device.
2025-04-23 02:52:44,DEVICE-001,Simulated log entry from device.
2025-04-23 02:52:46,DEVICE-001,Simulated log entry from device.
2025-04-23 02:52:48,DEVICE-001,Simulated log entry from device.
2025-04-23 02:52:49,DEVICE-001,Simulated log entry from device.
2025-04-23 02:52:51,DEVICE-001,Simulated log entry from device.
2025-04-23 02:52:53,DEVICE-001,Simulated log entry from device.
2025-04-23 02:52:54,DEVICE-001,Simulated log entry from device.
2025-04-23 02:52:56,DEVICE-001,Simulated log entry from device.
2025-04-23 02:52:58,DEVICE-001,Simulated log entry from device.
2025-04-23 02:52:59,DEVICE-001,Simulated log entry from device.
2025-04-23 02:53:01,DEVICE-001,Simulated log entry from device.
2025-04-23 02:53:03,DEVICE-001,Simulated log entry from device.
2025-04-23 02:53:04,DEVICE-001,Simulated log entry from device.
2025-04-23 02:53:06,DEVICE-001,Simulated log entry from device.
2025-04-23 02:53:08,DEVICE-001,Simulated log entry from device.
2025-04-23 02:53:09,DEVICE-001,Simulated log entry from device.
2025-04-23 02:53:11,DEVICE-001,Simulated log entry from device.
2025-04-23 02:53:13,DEVICE-001,Simulated log entry from device.
2025-04-23 02:53:14,DEVICE-001,Simulated log entry from device.
2025-04-23 02:53:16,DEVICE-001,Simulated log entry from device.
2025-04-23 02:53:18,DEVICE-001,Simulated log entry from device.
2025-04-23 02:53:19,DEVICE-001,Simulated log entry from device.
2025-04-23 02:53:21,DEVICE-001,Simulated log entry from device.
2025-04-23 02:53:21,DEVICE-001,Simulated log entry from device.
2025-04-23 02:53:23,DEVICE-001,Simulated log entry from device.
2025-04-23 02:53:24,DEVICE-001,Simulated log entry from device.
2025-04-23 02:53:26,DEVICE-001,Simulated log entry from device.
2025-04-23 02:53:26,DEVICE-001,Simulated log entry from device.
2025-04-23 02:53:28,DEVICE-001,Simulated log entry from device.
2025-04-23 02:53:29,DEVICE-001,Simulated log entry from device.
2025-04-23 02:53:31,DEVICE-001,Simulated log entry from device.
2025-04-23 02:53:31,DEVICE-001,Simulated log entry from device.
2025-04-23 02:53:32,DEVICE-001,Simulated log entry from device.
2025-04-23 02:53:33,DEVICE-001,Simulated log entry from device.
2025-04-23 02:53:34,DEVICE-001,Simulated log entry from device.
2025-04-23 02:53:36,DEVICE-001,Simulated log entry from device.
2025-04-23 02:53:36,DEVICE-001,Simulated log entry from device.
2025-04-23 02:53:37,DEVICE-001,Simulated log entry from device.
2025-04-23 02:53:38,DEVICE-001,Simulated log entry from device.
2025-04-23 02:53:39,DEVICE-001,Simulated log entry from device.
2025-04-23 02:53:41,DEVICE-001,Simulated log entry from device.
2025-04-23 02:53:41,DEVICE-001,Simulated log entry from device.
2025-04-23 02:53:42,DEVICE-001,Simulated log entry from device.
2025-04-23 02:53:43,DEVICE-001,Simulated log entry from device.
2025-04-23 02:53:44,DEVICE-001,Simulated log entry from device.
2025-04-23 02:53:46,DEVICE-001,Simulated log entry from device.
2025-04-23 02:53:47,DEVICE-001,Simulated log entry from device.
2025-04-23 02:53:49,DEVICE-001,Simulated log entry from device.
2025-04-23 02:53:51,DEVICE-001,Simulated log entry from device.
2025-04-23 02:53:52,DEVICE-001,Simulated log entry from device.
2025-04-23 02:53:54,DEVICE-001,Simulated log entry from device.
2025-04-23 02:53:56,DEVICE-001,Simulated log entry from device.
2025-04-23 02:53:57,DEVICE-001,Simulated log entry from device.
2025-04-23 02:53:59,DEVICE-001,Simulated log entry from device.
2025-04-23 02:54:01,DEVICE-001,Simulated log entry from device.
2025-04-23 02:54:02,DEVICE-001,Simulated log entry from device.
2025-04-23 02:54:04,DEVICE-001,Simulated log entry from device.
2025-04-23 02:54:06,DEVICE-001,Simulated log entry from device.
2025-04-23 02:54:07,DEVICE-001,Simulated log entry from device.
2025-04-23 02:54:09,DEVICE-001,Simulated log entry from device.
2025-04-23 02:54:11,DEVICE-001,Simulated log entry from device.
2025-04-23 02:54:12,DEVICE-001,Simulated log entry from device.
2025-04-23 02:54:16,DEVICE-001,Simulated log entry from device.
2025-04-23 02:54:17,DEVICE-001,Simulated log entry from device.
2025-04-23 02:54:22,DEVICE-001,Simulated log entry from device.
2025-04-23 02:54:27,DEVICE-001,Simulated log entry from device.
2025-04-23 03:02:00,DEVICE-001,Simulated log entry from device.
2025-04-23 03:02:05,DEVICE-001,Simulated log entry from device.
2025-04-23 03:02:10,DEVICE-001,Simulated log entry from device.
2025-04-23 03:02:10,DEVICE-001,Simulated log entry from device.
2025-04-23 03:02:15,DEVICE-001,Simulated log entry from device.
2025-04-23 03:02:15,DEVICE-001,Simulated log entry from device.
2025-04-23 03:02:20,DEVICE-001,Simulated log entry from device.
2025-04-23 03:02:20,DEVICE-001,Simulated log entry from device.
2025-04-23 03:02:25,DEVICE-001,Simulated log entry from device.
2025-04-23 03:02:25,DEVICE-001,Simulated log entry from device.
2025-04-23 03:02:30,DEVICE-001,Simulated log entry from device.
2025-04-23 03:02:30,DEVICE-001,Simulated log entry from device.
2025-04-23 03:02:35,DEVICE-001,Simulated log entry from device.
2025-04-23 03:02:35,DEVICE-001,Simulated log entry from device.
2025-04-23 03:02:40,DEVICE-001,Simulated log entry from device.
2025-04-23 03:02:40,DEVICE-001,Simulated log entry from device.
2025-04-23 03:02:45,DEVICE-001,Simulated log entry from device.
2025-04-23 03:02:45,DEVICE-001,Simulated log entry from device.
2025-04-23 03:02:50,DEVICE-001,Simulated log entry from device.
2025-04-23 03:02:50,DEVICE-001,Simulated log entry from device.
2025-04-23 03:02:55,DEVICE-001,Simulated log entry from device.
2025-04-23 03:02:55,DEVICE-001,Simulated log entry from device.
2025-04-23 03:03:00,DEVICE-001,Simulated log entry from device.
2025-04-23 03:03:05,DEVICE-001,Simulated log entry from device.
2025-04-23 03:09:13,DEVICE-001,Simulated log entry from device.
2025-04-23 03:09:16,DEVICE-001,Simulated log entry from device.
2025-04-23 03:09:18,DEVICE-001,Simulated log entry from device.
2025-04-23 03:09:21,DEVICE-001,Simulated log entry from device.
2025-04-23 03:09:22,DEVICE-001,Simulated log entry from device.
2025-04-23 03:09:23,DEVICE-001,Simulated log entry from device.
2025-04-23 03:09:26,DEVICE-001,Simulated log entry from device.
2025-04-23 03:09:27,DEVICE-001,Simulated log entry from device.
2025-04-23 03:09:28,DEVICE-001,Simulated log entry from device.
2025-04-23 03:09:31,DEVICE-001,Simulated log entry from device.
2025-04-23 03:09:32,DEVICE-001,Simulated log entry from device.
2025-04-23 03:09:33,DEVICE-001,Simulated log entry from device.
2025-04-23 03:09:36,DEVICE-001,Simulated log entry from device.
2025-04-23 03:09:37,DEVICE-001,Simulated log entry from device.
2025-04-23 03:09:38,DEVICE-001,Simulated log entry from device.
2025-04-23 03:09:41,DEVICE-001,Simulated log entry from device.
2025-04-23 03:09:42,DEVICE-001,Simulated log entry from device.
2025-04-23 03:09:43,DEVICE-001,Simulated log entry from device.
2025-04-23 03:09:46,DEVICE-001,Simulated log entry from device.
2025-04-23 03:09:47,DEVICE-001,Simulated log entry from device.
2025-04-23 03:09:48,DEVICE-001,Simulated log entry from device.
2025-04-23 03:09:51,DEVICE-001,Simulated log entry from device.
2025-04-23 03:09:52,DEVICE-001,Simulated log entry from device.
2025-04-23 03:09:53,DEVICE-001,Simulated log entry from device.
2025-04-23 03:09:56,DEVICE-001,Simulated log entry from device.
2025-04-23 03:09:57,DEVICE-001,Simulated log entry from device.
2025-04-23 03:09:58,DEVICE-001,Simulated log entry from device.
2025-04-23 03:10:01,DEVICE-001,Simulated log entry from device.
2025-04-23 03:10:02,DEVICE-001,Simulated log entry from device.
2025-04-23 03:10:03,DEVICE-001,Simulated log entry from device.
2025-04-23 03:10:07,DEVICE-001,Simulated log entry from device.
2025-04-23 03:10:07,DEVICE-001,Simulated log entry from device.
2025-04-23 03:10:08,DEVICE-001,Simulated log entry from device.
2025-04-23 03:10:12,DEVICE-001,Simulated log entry from device.
2025-04-23 03:10:13,DEVICE-001,Simulated log entry from device.
2025-04-23 03:10:18,DEVICE-001,Simulated log entry from device.
2025-04-23 03:12:09,DEVICE-001,Simulated log entry from device.
2025-04-23 03:12:14,DEVICE-001,Simulated log entry from device.
2025-04-23 03:12:19,DEVICE-001,Simulated log entry from device.
2025-04-23 03:12:24,DEVICE-001,Simulated log entry from device.
2025-04-23 03:12:29,DEVICE-001,Simulated log entry from device.
2025-04-23 03:12:34,DEVICE-001,Simulated log entry from device.
2025-04-23 03:12:39,DEVICE-001,Simulated log entry from device.
2025-04-23 03:12:44,DEVICE-001,Simulated log entry from device.
2025-04-23 03:12:49,DEVICE-001,Simulated log entry from device.
2025-04-23 03:12:54,DEVICE-001,Simulated log entry from device.
2025-04-23 03:12:59,DEVICE-001,Simulated log entry from device.
2025-04-23 03:13:04,DEVICE-001,Simulated log entry from device.
2025-04-23 03:13:27,DEVICE-001,Simulated log entry from device.
2025-04-23 03:13:32,DEVICE-001,Simulated log entry from device.
2025-04-23 03:13:37,DEVICE-001,Simulated log entry from device.
2025-04-23 03:13:42,DEVICE-001,Simulated log entry from device.
2025-04-23 03:13:47,DEVICE-001,Simulated log entry from device.
2025-04-23 03:13:52,DEVICE-001,Simulated log entry from device.
2025-04-23 03:13:57,DEVICE-001,Simulated log entry from device.
2025-04-23 03:14:02,DEVICE-001,Simulated log entry from device.
2025-04-23 03:14:07,DEVICE-001,Simulated log entry from device.
2025-04-23 03:14:12,DEVICE-001,Simulated log entry from device.
2025-04-23 03:14:17,DEVICE-001,Simulated log entry from device.
2025-04-23 03:14:22,DEVICE-001,Simulated log entry from device.
2025-04-23 03:40:09,DEVICE-001,Simulated log entry from device.
2025-04-23 03:40:14,DEVICE-001,Simulated log entry from device.
2025-04-23 03:40:19,DEVICE-001,Simulated log entry from device.
2025-04-23 03:40:24,DEVICE-001,Simulated log entry from device.
2025-04-23 03:40:29,DEVICE-001,Simulated log entry from device.
2025-04-23 03:40:34,DEVICE-001,Simulated log entry from device.
2025-04-23 03:40:39,DEVICE-001,Simulated log entry from device.
2025-04-23 03:40:44,DEVICE-001,Simulated log entry from device.
2025-04-23 03:40:49,DEVICE-001,Simulated log entry from device.
2025-04-23 03:40:54,DEVICE-001,Simulated log entry from device.
2025-04-23 03:40:59,DEVICE-001,Simulated log entry from device.
2025-04-23 03:41:04,DEVICE-001,Simulated log entry from device.
